Adiba A/Adiba/yuki88/LandLord/1456/adiadiba@gmail.com/dominos55/lakeview221/Bashundhara/Bashundhara
ruhul/ruhul/desmos342/LandLord/1236/ruhul.chy@northsouth.edu/abashik20/gardencity71/Banani/Banani
Monalisa R/Monalisa/mrl77/LandLord/7895/lisa.edu@gmail.com/skyview11/76grandplaza/Gulshan/Gulshan

